Code;Series;Series Role;Series Category;Unit of measure;Long definition;Source;Topic;Dataset;Periodicity;Reference period;Statistical concept and methodology;Development relevance;Limitations and exceptions;License URL
NY.GDP.PCAP.KD.ZG;GDP per capita growth;Depedent;Output;% annual change;Gross domestic product is the total income earned through the production of goods and services in an economic territory during an accounting period. It can be measured in three different ways: using either the expenditure approach, the income approach, or the production approach. The core indicator has been divided by the general population to achieve a per capita estimate.This indicator denotes the percentage change over each previous year of the constant price (base year 2015) series in United States dollars.;"Country official statistics, National Statistical Organizations and/or Central Banks;
National Accounts data files, Organisation for Economic Co-operation and Development (OECD);
Staff estimates, World Bank (WB)";Economic Policy & Debt: National accounts: Growth rates;WB_WDI;Annual;1961-2024;"Methodology: National accounts are compiled in accordance with international standards: System of National Accounts, 2008 or 1993 versions. Specific information on how countries compile their national accounts can be found on the IMF website: https://dsbb.imf.org/ Per capita estimates are divided by the total population.
Statistical concept(s): The conceptual elements of the SNA (System of National Accounts) measure what takes place in the economy, between which agents, and for what purpose. At the heart of the SNA is the production of goods and services. These may be used for consumption in the period to which the accounts relate or may be accumulated for use in a later period. In simple terms, the amount of value added generated by production represents GDP. The income corresponding to GDP is distributed to the various agents or groups of agents as income and it is the process of distributing and redistributing income that allows one agent to consume the goods and services produced by another agent or to acquire goods and services for later consumption. The way in which the SNA captures this pattern of economic flows is to identify the activities concerned by recognizing the institutional units in the economy and by specifying the structure of accounts capturing the transactions relevant to one stage or another of the process by which goods and services are produced and ultimately consumed.";"This indicator is related to the national accounts, which are critical for understanding and managing a country's economy. They provide a framework for the analysis of economic performance. National accounts are the basis for estimating the Gross Domestic Product (GDP) and Gross National Income (GNI), which are the most widely used indicator of economic performance. They are essential for government policymakers, providing the data needed to design and assess fiscal and monetary policies; and are also used by businesses and investors to assess the economic climate and make investment decisions. NAS enable comparison between economies, which is crucial for international trade, investment decisions, and economic competitiveness. More specifically, this indicator is related to national accounts aggregates. Gross Domestic Product (GDP), Gross National Income (GNI), and other aggregates provide a snapshot of the size and health of an economy by measuring the total economic activity within a country. They can thus be used by policymakers to design and implement economic policies, as they reflect the overall economic performance and can indicate the need for intervention in certain areas. Aggregates also allow for comparisons between different economies, which can be useful for trade negotiations, investment decisions, and economic benchmarking. By examining aggregates over time, economists and analysts can identify trends, cycles, and potential areas of concern within an economy, and investors can use national accounts aggregates to assess the potential risks and returns of investing in a particular country. Overall, national accounts aggregates are fundamental tools for economic analysis, policy formulation, and decision-making at both the national and international levels.";;https://datacatalog.worldbank.org/public-licenses#cc-by
NY.GDP.PCAP.PP.KD;GDP per capita;Depedent;Output;Constant 2021 international $;"This indicator provides values for gross domestic product (GDP) expressed in constant international dollars, converted by purchasing power parities (PPPs). PPPs account for the different price levels across countries and thus PPP-based comparisons of economic output are more appropriate for comparing the output of economies and the average material well-being of their inhabitants than exchange-rate based comparisons. 

Gross domestic product is the total income earned through the production of goods and services in an economic territory during an accounting period. It can be measured in three different ways: using either the expenditure approach, the income approach, or the production approach. The core indicator has been divided by the general population to achieve a per capita estimate. This indicator is expressed in constant prices, meaning the series has been adjusted to account for price changes over time. The reference year for this adjustment is 2021. The PPP conversion factor is a currency conversion factor and a spatial price deflator. PPPs convert different currencies to a common currency and, in the process of conversion, equalize their purchasing power by eliminating the differences in price levels between countries, thereby allowing volume or output comparisons of GDP and its expenditure components.";"International Comparison Program (ICP), World Bank (WB), uri: https://www.worldbank.org/en/programs/icp/data, note: This information is for ICP’s PPPs utilized in WDI, publisher: International Comparison Program (ICP), date accessed: May 30, 2024, date published: May 30, 2024;
The Eurostat PPP Programme, Eurostat (ESTAT), uri: https://ec.europa.eu/eurostat/databrowser/explore/all/all_themes, publisher: Eurostat;
The OECD PPP Programme, Organisation for Economic Co-operation and Development (OECD), uri: https://data-explorer.oecd.org/, publisher: OECD;
Staff estimates, World Bank (WB);
National Accounts data files, Organisation for Economic Co-operation and Development (OECD);
World Economic Outlook database, International Monetary Fund (IMF)";Economic Policy & Debt: Purchasing power parity;WB_WDI;Annual;1990-2024;"Methodology: The International Comparison Program (ICP) estimates PPPs for the world’s countries. The ICP is conducted as a global partnership of countries, multilateral agencies, and academia. The recent 2021 ICP comparison covered 176 countries, including 49 Eurostat-OECD countries. For countries that have not participated in ICP comparisons, the PPP are imputed based on a regression model. ICP estimated PPPs cover years from 2011 to 2021. WDI extrapolates 2011 PPPs for years earlier years, and 2021 PPPs for later years. For the member countries of Eurostat-OECD PPP Programme, PPP conversion factors are periodically updated based on the organizations’ databases. 

National accounts are compiled in accordance with international standards: System of National Accounts, 2008 or 1993 versions. Specific information on how countries compile their national accounts can be found on the IMF website: https://dsbb.imf.org/  Linked series have been smoothed to remove breaks resulting from changes in base years, data sources or compilation methods. The linking is performed using historical nominal growth rates from archived WDI databases.

Statistical concept(s): PPPs are primarily used to convert the national accounts data of economies, such as GDP and its expenditure components, into a common currency.  In the process of conversion, they control for differences in the price levels of economies, and thus equalize purchasing power. PPP-based comparisons of economic output differ from market exchange rate-based comparisons as the latter do not distinguish between the relative price levels of different items in economies. Overall price levels are normally higher in higher-income economies than they are in lower-income economies (Balassa-Samuelson effect), mostly because of the large differences in price levels for non-traded products. If no account is taken of the larger price level differences for non-traded products when converting GDP to a common currency, the size of higher-income economies with high price levels will be overstated and the size of lower-income economies with low price levels will be understated. No distinction is made between traded products and non-traded products when market exchange rates are used to convert GDP to a common currency: the rate is the same for all products. PPP-converted GDP does not have this bias because PPPs account for the different price levels of traded products and non-traded products. Thus, PPPs are more appropriate for comparing the output of economies and the average material well-being of their inhabitants and are also less impacted by the potential volatility of market exchange rates. PPPs are calculated by the International Comparison Program (ICP) based on the prices of goods and services within an economy and national accounts expenditures. 

The  conceptual elements of the SNA (System of National Accounts) measure what takes place in the economy, between which agents, and for what purpose. At the heart of the SNA is the production of goods and services. These may be used for consumption in the period to which the accounts relate or may be accumulated for use in a later period. In simple terms, the amount of value added generated by production represents GDP. The income corresponding to GDP is distributed to the various agents or groups of agents as income and it is the process of distributing and redistributing income that allows one agent to consume the goods and services produced by another agent or to acquire goods and services for later consumption. The way in which the SNA captures this pattern of economic flows is to identify the activities concerned by recognizing the institutional units in the economy and by specifying the structure of accounts capturing the transactions relevant to one stage or another of the process by which goods and services are produced and ultimately consumed.";"PPPs are used to convert national accounts data from different countries, such as GDP and its expenditure components, into a common currency, while also eliminating the effect of price level differences between countries. PPPs are also used to derive price level indexes (PLIs), the ratio of a country’s PPP to its market exchange rate, to directly compare price levels across countries.
The PPP-based expenditures to which they give rise are primarily used to make spatial comparisons of volume and per capita consumption or levels of GDP and its expenditure components across countries.  PPP-based indicators are used for national, regional, and global policy making and analysis across the socioeconomic spectrum from poverty and inequality, to health and education, to energy and climate, through to economic growth, labor, productivity, trade, competitiveness, and infrastructure. A number of Sustainable Development Goals use PPP-based indicators to measure development progress.

This indicator is related to the national accounts, which are critical for understanding and managing a country's economy. They provide a framework for the analysis of economic performance. National accounts are the basis for estimating the Gross Domestic Product (GDP) and Gross National Income (GNI), which are the most widely used indicator of economic performance. They are essential for government policymakers, providing the data needed to design and assess fiscal and monetary policies; and are also used by businesses and investors to assess the economic climate and make investment decisions. NAS enable comparison between economies, which is crucial for international trade, investment decisions, and economic competitiveness. More specifically, this indicator is related to national accounts aggregates. Gross Domestic Product (GDP), Gross National Income (GNI), and other aggregates provide a snapshot of the size and health of an economy by measuring the total economic activity within a country. They can thus be used by policymakers to design and implement economic policies, as they reflect the overall economic performance and can indicate the need for intervention in certain areas. Aggregates also allow for comparisons between different economies, which can be useful for trade negotiations, investment decisions, and economic benchmarking. By examining aggregates over time, economists and analysts can identify trends, cycles, and potential areas of concern within an economy, and investors can use national accounts aggregates to assess the potential risks and returns of investing in a particular country. Overall, national accounts aggregates are fundamental tools for economic analysis, policy formulation, and decision-making at both the national and international levels.";;https://datacatalog.worldbank.org/public-licenses#cc-by
NE.GDI.TOTL.ZS;Gross capital formation;Explanatory;Investment;% of GDP;Gross capital formation includes acquisitions less disposals of produced assets for purposes of fixed capital formation, inventories or valuables. This indicator is expressed as a percentage of Gross Domestic Product (GDP) which is the total income earned through the production of goods and services in an economic territory during an accounting period.;"Country official statistics, National Statistical Organizations and/or Central Banks;
National Accounts data files, Organisation for Economic Co-operation and Development (OECD);
Staff estimates, World Bank (WB)";Economic Policy & Debt: National accounts: Shares of GDP & other;WB_WDI;Annual;1960-2024;"Methodology: National accounts are compiled in accordance with international standards: System of National Accounts, 2008 or 1993 versions. Specific information on how countries compile their national accounts can be found on the IMF website: https://dsbb.imf.org/
Statistical concept(s): The conceptual elements of the SNA (System of National Accounts) measure what takes place in the economy, between which agents, and for what purpose. At the heart of the SNA is the production of goods and services. These may be used for consumption in the period to which the accounts relate or may be accumulated for use in a later period. In simple terms, the amount of value added generated by production represents GDP. The income corresponding to GDP is distributed to the various agents or groups of agents as income and it is the process of distributing and redistributing income that allows one agent to consume the goods and services produced by another agent or to acquire goods and services for later consumption. The way in which the SNA captures this pattern of economic flows is to identify the activities concerned by recognizing the institutional units in the economy and by specifying the structure of accounts capturing the transactions relevant to one stage or another of the process by which goods and services are produced and ultimately consumed.";"This indicator is related to the national accounts, which are critical for understanding and managing a country's economy. They provide a framework for the analysis of economic performance. National accounts are the basis for estimating the Gross Domestic Product (GDP) and Gross National Income (GNI), which are the most widely used indicator of economic performance. They are essential for government policymakers, providing the data needed to design and assess fiscal and monetary policies; and are also used by businesses and investors to assess the economic climate and make investment decisions. NAS enable comparison between economies, which is crucial for international trade, investment decisions, and economic competitiveness. More specifically, this indicator is related to the expenditure approach used to calculate GDP, which focuses on the total amount of spending on final goods and services within an economy over a specific period. Unlike the production approach, which looks at the supply side by summing the value of output produced by all sectors, the expenditure approach looks at the demand side by summing all expenditures. This demand-side analysis provides insights into the spending behaviors of different sectors, including households, businesses, the government, and foreign entities. Also, by breaking down expenditures into categories like consumption, investment, government spending, and net exports, it helps identify which components are driving or hindering economic growth. This approach can thus be used to assess the effectiveness of fiscal and monetary policies. Overall, the expenditure approach is crucial for understanding the dynamics of an economy, guiding policy decisions, and providing a comprehensive view of economic activity from the perspective of total spending.";"Because policymakers have tended to focus on fostering the growth of output, and because data on production are easier to collect than data on spending, many countries generate their primary estimate of GDP using the production approach. Moreover, many countries do not estimate all the components of national expenditures but instead derive some of the main aggregates indirectly using GDP (based on the production approach) as the control total.





Data on capital formation may be estimated from direct surveys of enterprises and administrative records or based on the commodity flow method using data from production, trade, and construction activities. The quality of data on government fixed capital formation depends on the quality of government accounting systems (which tend to be weak in developing countries). Measures of fixed capital formation by households and corporations - particularly capital outlays by small, unincorporated enterprises - are usually unreliable.





Estimates of changes in inventories are rarely complete but usually include the most important activities or commodities. In some countries these estimates are derived as a composite residual along with household final consumption expenditure. According to national accounts conventions, adjustments should be made for appreciation of the value of inventory holdings due to price changes, but this is not always done. In highly inflationary economies this element can be substantial.";https://datacatalog.worldbank.org/public-licenses#cc-by
NE.TRD.GNFS.ZS;Trade;Explanatory;External Balance;% of GDP;Trade is the sum of exports and imports of goods and services. This indicator is expressed as a percentage of Gross Domestic Product (GDP) which is the total income earned through the production of goods and services in an economic territory during an accounting period.;"Country official statistics, National Statistical Organizations and/or Central Banks;
National Accounts data files, Organisation for Economic Co-operation and Development (OECD);
Staff estimates, World Bank (WB)";Economic Policy & Debt: National accounts: Shares of GDP & other;WB_WDI;Annual;1960-2024;"Methodology: National accounts are compiled in accordance with international standards: System of National Accounts, 2008 or 1993 versions. Specific information on how countries compile their national accounts can be found on the IMF website: https://dsbb.imf.org/
Statistical concept(s): The conceptual elements of the SNA (System of National Accounts) measure what takes place in the economy, between which agents, and for what purpose. At the heart of the SNA is the production of goods and services. These may be used for consumption in the period to which the accounts relate or may be accumulated for use in a later period. In simple terms, the amount of value added generated by production represents GDP. The income corresponding to GDP is distributed to the various agents or groups of agents as income and it is the process of distributing and redistributing income that allows one agent to consume the goods and services produced by another agent or to acquire goods and services for later consumption. The way in which the SNA captures this pattern of economic flows is to identify the activities concerned by recognizing the institutional units in the economy and by specifying the structure of accounts capturing the transactions relevant to one stage or another of the process by which goods and services are produced and ultimately consumed.";"This indicator is related to the national accounts, which are critical for understanding and managing a country's economy. They provide a framework for the analysis of economic performance. National accounts are the basis for estimating the Gross Domestic Product (GDP) and Gross National Income (GNI), which are the most widely used indicator of economic performance. They are essential for government policymakers, providing the data needed to design and assess fiscal and monetary policies; and are also used by businesses and investors to assess the economic climate and make investment decisions. NAS enable comparison between economies, which is crucial for international trade, investment decisions, and economic competitiveness. More specifically, this indicator is related to the expenditure approach used to calculate GDP, which focuses on the total amount of spending on final goods and services within an economy over a specific period. Unlike the production approach, which looks at the supply side by summing the value of output produced by all sectors, the expenditure approach looks at the demand side by summing all expenditures. This demand-side analysis provides insights into the spending behaviors of different sectors, including households, businesses, the government, and foreign entities. Also, by breaking down expenditures into categories like consumption, investment, government spending, and net exports, it helps identify which components are driving or hindering economic growth. This approach can thus be used to assess the effectiveness of fiscal and monetary policies. Overall, the expenditure approach is crucial for understanding the dynamics of an economy, guiding policy decisions, and providing a comprehensive view of economic activity from the perspective of total spending.";;https://datacatalog.worldbank.org/public-licenses#cc-by
NE.EXP.GNFS.ZS;Exports of goods and services;Explanatory;External Balance;% of GDP;Exports of goods includes changes in the economic ownership of goods from residents of the compiling economy to non-residents, irrespective of physical movement of goods across national borders. Exports of services includes services provided by residents to non-residents. This indicator is expressed as a percentage of Gross Domestic Product (GDP) which is the total income earned through the production of goods and services in an economic territory during an accounting period.;"Country official statistics, National Statistical Organizations and/or Central Banks;
National Accounts data files, Organisation for Economic Co-operation and Development (OECD);
Staff estimates, World Bank (WB)";Economic Policy & Debt: National accounts: Shares of GDP & other;WB_WDI;Annual;1960-2024;"Methodology: National accounts are compiled in accordance with international standards: System of National Accounts, 2008 or 1993 versions. Specific information on how countries compile their national accounts can be found on the IMF website: https://dsbb.imf.org/
Statistical concept(s): The conceptual elements of the SNA (System of National Accounts) measure what takes place in the economy, between which agents, and for what purpose. At the heart of the SNA is the production of goods and services. These may be used for consumption in the period to which the accounts relate or may be accumulated for use in a later period. In simple terms, the amount of value added generated by production represents GDP. The income corresponding to GDP is distributed to the various agents or groups of agents as income and it is the process of distributing and redistributing income that allows one agent to consume the goods and services produced by another agent or to acquire goods and services for later consumption. The way in which the SNA captures this pattern of economic flows is to identify the activities concerned by recognizing the institutional units in the economy and by specifying the structure of accounts capturing the transactions relevant to one stage or another of the process by which goods and services are produced and ultimately consumed.";"This indicator is related to the national accounts, which are critical for understanding and managing a country's economy. They provide a framework for the analysis of economic performance. National accounts are the basis for estimating the Gross Domestic Product (GDP) and Gross National Income (GNI), which are the most widely used indicator of economic performance. They are essential for government policymakers, providing the data needed to design and assess fiscal and monetary policies; and are also used by businesses and investors to assess the economic climate and make investment decisions. NAS enable comparison between economies, which is crucial for international trade, investment decisions, and economic competitiveness. More specifically, this indicator is related to the expenditure approach used to calculate GDP, which focuses on the total amount of spending on final goods and services within an economy over a specific period. Unlike the production approach, which looks at the supply side by summing the value of output produced by all sectors, the expenditure approach looks at the demand side by summing all expenditures. This demand-side analysis provides insights into the spending behaviors of different sectors, including households, businesses, the government, and foreign entities. Also, by breaking down expenditures into categories like consumption, investment, government spending, and net exports, it helps identify which components are driving or hindering economic growth. This approach can thus be used to assess the effectiveness of fiscal and monetary policies. Overall, the expenditure approach is crucial for understanding the dynamics of an economy, guiding policy decisions, and providing a comprehensive view of economic activity from the perspective of total spending.";"Because policymakers have tended to focus on fostering the growth of output, and because data on production are easier to collect than data on spending, many countries generate their primary estimate of GDP using the production approach. Moreover, many countries do not estimate all the components of national expenditures but instead derive some of the main aggregates indirectly using GDP (based on the production approach) as the control total.





Data on exports and imports are compiled from customs reports and balance of payments data. Although the data from the payments side provide reasonably reliable records of cross-border transactions, they may not adhere strictly to the appropriate definitions of valuation and timing used in the balance of payments or corresponds to the change-of ownership criterion. This issue has assumed greater significance with the increasing globalization of international business. Neither customs nor balance of payments data usually capture the illegal transactions that occur in many countries. Goods carried by travelers across borders in legal but unreported shuttle trade may further distort trade statistics.";https://datacatalog.worldbank.org/public-licenses#cc-by
NE.IMP.GNFS.ZS;Imports of goods and services;Explanatory;External Balance;% of GDP;"Imports of goods includes change in the economic ownership of goods from non-residents to


residents of the compiling economy, irrespective of physical movement of goods across national borders. Imports of services includes services provided by non-residents to residents. This indicator is expressed as a percentage of Gross Domestic Product (GDP) which is the total income earned through the production of goods and services in an economic territory during an accounting period.";"Country official statistics, National Statistical Organizations and/or Central Banks;
National Accounts data files, Organisation for Economic Co-operation and Development (OECD);
Staff estimates, World Bank (WB)";Economic Policy & Debt: National accounts: Shares of GDP & other;WB_WDI;Annual;1960-2024;"Methodology: National accounts are compiled in accordance with international standards: System of National Accounts, 2008 or 1993 versions. Specific information on how countries compile their national accounts can be found on the IMF website: https://dsbb.imf.org/
Statistical concept(s): The conceptual elements of the SNA (System of National Accounts) measure what takes place in the economy, between which agents, and for what purpose. At the heart of the SNA is the production of goods and services. These may be used for consumption in the period to which the accounts relate or may be accumulated for use in a later period. In simple terms, the amount of value added generated by production represents GDP. The income corresponding to GDP is distributed to the various agents or groups of agents as income and it is the process of distributing and redistributing income that allows one agent to consume the goods and services produced by another agent or to acquire goods and services for later consumption. The way in which the SNA captures this pattern of economic flows is to identify the activities concerned by recognizing the institutional units in the economy and by specifying the structure of accounts capturing the transactions relevant to one stage or another of the process by which goods and services are produced and ultimately consumed.";"This indicator is related to the national accounts, which are critical for understanding and managing a country's economy. They provide a framework for the analysis of economic performance. National accounts are the basis for estimating the Gross Domestic Product (GDP) and Gross National Income (GNI), which are the most widely used indicator of economic performance. They are essential for government policymakers, providing the data needed to design and assess fiscal and monetary policies; and are also used by businesses and investors to assess the economic climate and make investment decisions. NAS enable comparison between economies, which is crucial for international trade, investment decisions, and economic competitiveness. More specifically, this indicator is related to the expenditure approach used to calculate GDP, which focuses on the total amount of spending on final goods and services within an economy over a specific period. Unlike the production approach, which looks at the supply side by summing the value of output produced by all sectors, the expenditure approach looks at the demand side by summing all expenditures. This demand-side analysis provides insights into the spending behaviors of different sectors, including households, businesses, the government, and foreign entities. Also, by breaking down expenditures into categories like consumption, investment, government spending, and net exports, it helps identify which components are driving or hindering economic growth. This approach can thus be used to assess the effectiveness of fiscal and monetary policies. Overall, the expenditure approach is crucial for understanding the dynamics of an economy, guiding policy decisions, and providing a comprehensive view of economic activity from the perspective of total spending.";"Because policymakers have tended to focus on fostering the growth of output, and because data on production are easier to collect than data on spending, many countries generate their primary estimate of GDP using the production approach. Moreover, many countries do not estimate all the components of national expenditures but instead derive some of the main aggregates indirectly using GDP (based on the production approach) as the control total.





Data on exports and imports are compiled from customs reports and balance of payments data. Although the data from the payments side provide reasonably reliable records of cross-border transactions, they may not adhere strictly to the appropriate definitions of valuation and timing used in the balance of payments or corresponds to the change-of ownership criterion. This issue has assumed greater significance with the increasing globalization of international business. Neither customs nor balance of payments data usually capture the illegal transactions that occur in many countries. Goods carried by travelers across borders in legal but unreported shuttle trade may further distort trade statistics.";https://datacatalog.worldbank.org/public-licenses#cc-by
BX.KLT.DINV.WD.GD.ZS;Foreign direct investment, net inflows ;Explanatory;External Balance;% of GDP;Foreign direct investment are the net inflows of investment to acquire a lasting management interest (10 percent or more of voting stock) in an enterprise operating in an economy other than that of the investor. It is the sum of equity capital, reinvestment of earnings, other long-term capital, and short-term capital as shown in the balance of payments. This series shows net inflows (new investment inflows less disinvestment) in the reporting economy from foreign investors, and is divided by GDP.;"International Financial Statistics and Balance of Payments databases, International Monetary Fund (IMF);
International Debt Statistics, World Bank (WB);
World Bank GDP estimates, World Bank (WB);
OECD GDP estimates, Organisation for Economic Co-operation and Development (OECD)";Economic Policy & Debt: Balance of payments: Capital & financial account;WB_WDI;Annual;1970-2024;"Methodology: Data on equity flows are based on balance of payments data reported by the International Monetary Fund (IMF). Foreign direct investment (FDI) data are supplemented by the World Bank staff estimates using data from the United Nations Conference on Trade and Development (UNCTAD) and official national sources.

The internationally accepted definition of FDI (from the sixth edition of the IMF's Balance of Payments Manual [2009]), includes the following components: equity investment, including investment associated with equity that gives rise to control or influence; investment in indirectly influenced or controlled enterprises; investment in fellow enterprises; debt (except selected debt); and reverse investment. The Framework for Direct Investment Relationships provides criteria for determining whether cross-border ownership results in a direct investment relationship, based on control and influence. Distinguished from other kinds of international investment, FDI is made to establish a lasting interest in or effective management control over an enterprise in another country. A lasting interest in an investment enterprise typically involves establishing warehouses, manufacturing facilities, and other permanent or long-term organizations abroad. Direct investments may take the form of greenfield investment, where the investor starts a new venture in a foreign country by constructing new operational facilities; joint venture, where the investor enters into a partnership agreement with a company abroad to establish a new enterprise; or merger and acquisition, where the investor acquires an existing enterprise abroad. The IMF suggests that investments should account for at least 10 percent of voting stock to be counted as FDI. In practice many countries set a higher threshold. Many countries fail to report reinvested earnings, and the definition of long-term loans differs among countries. BoP refers to Balance of Payments.";Private financial flows - equity and debt - account for the bulk of development finance. Equity flows comprise foreign direct investment (FDI) and portfolio equity. Debt flows are financing raised through bond issuance, bank lending, and supplier credits.;"FDI data do not give a complete picture of international investment in an economy. Balance of payments data on FDI do not include capital raised locally, an important source of investment financing in some developing countries. In addition, FDI data omit nonequity cross-border transactions such as intra-unit flows of goods and services.

The volume of global private financial flows reported by the World Bank generally differs from that reported by other sources because of differences in sources, classification of economies, and method used to adjust and disaggregate reported information. In addition, particularly for debt financing, differences may also reflect how some installments of the transactions and certain offshore issuances are treated.

Data on equity flows are shown for all countries for which data are available.";https://datacatalog.worldbank.org/public-licenses#cc-by
NY.GDP.TOTL.RT.ZS;Total natural resources rents ;Explanatory;Rents;% of GDP;Total natural resources rents are the sum of oil rents, natural gas rents, coal rents (hard and soft), mineral rents, and forest rents.;"The Changing Wealth of Nations, World Bank (WB), uri: https://www.worldbank.org/en/publication/changing-wealth-of-nations/data, note: World Bank staff estimates based on sources and methods described in the World Bank's The Changing Wealth of Nations., publisher: World Bank (WB);
Staff estimates, World Bank (WB), note: World Bank staff estimates based on sources and methods described in the World Bank's The Changing Wealth of Nations.";Environment: Natural resources contribution to GDP;WB_WDI;Annual;1970-2021;Methodology: The estimates of natural resources rents are calculated as the difference between the price of a commodity and the average cost of producing it. This is done by estimating the price of units of specific commodities and subtracting estimates of average unit costs of extraction or harvesting costs. These unit rents are then multiplied by the physical quantities countries extract or harvest to determine the rents for each commodity as a share of gross domestic product (GDP).;"Accounting for the contribution of natural resources to economic output is important in building an analytical framework for sustainable development. In some countries earnings from natural resources, especially from fossil fuels and minerals, account for a sizable share of GDP, and much of these earnings come in the form of economic rents - revenues above the cost of extracting the resources.



















Natural resources give rise to economic rents because they are not produced. For produced goods and services competitive forces expand supply until economic profits are driven to zero, but natural resources in fixed supply often command returns well in excess of their cost of production. Rents from nonrenewable resources - fossil fuels and minerals - as well as rents from overharvesting of forests indicate the liquidation of a country's capital stock. When countries use such rents to support current consumption rather than to invest in new capital to replace what is being used up, they are, in effect, borrowing against their future.";;https://datacatalog.worldbank.org/public-licenses#cc-by
HD_HCIP_OVRL_TO;Human capital index plus (HCI+): overall score, total (scale 0–325);Explanatory;Human capital;Index (0–325);The human capital index plus (HCI+): overall score calculates the contributions of health, education, and on-the-job learning to worker productivity. The index measures the productivity of a child born today as a future worker relative to the benchmark of full health, complete education, and full employment in wage employment.;Staff calculations based on the Human Capital Project, World Bank (WB), uri: https://humancapital.worldbank.org/en/home;Public Sector: Policy & institutions;WB_WDI;Five-Year Interval;2010-2025;"Methodology: The HCI+ pulls together 11 outcomes focused on health, education, and employment, and employs the latest research on how each affects earnings. As a result, improvements in the HCI+ can be directly interpreted as increases in workers' lifetime earnings and in GDP over the long run.  The scale for the HCI+ is based on the human capital earnings function (originally developed by Mincer (1974) and others), where human capital is measured as the log of lifetime earnings. In this framework, a one-unit change in the index corresponds to a proportional change in earnings. To make the index easier to interpret, we multiply the log measure by 100.
This means that point differences in HCI+ can be read as approximate percentage differences in lifetime earnings. For example, an increase of 10 points in HCI+ corresponds roughly to a 10 percent increase in expected adult wages (and, in the long run, GDP per worker). Multiplying by 100, therefore, transforms the log measure into policy-relevant percentage units without altering the index's underlying economics.
Statistical concept(s): The HCI+ is a composite indicator that combines three pillars—health, education, and on-the-job learning—into a single measure ranging from 0 to 325. The health pillar assesses adult survival rates and the fraction of children under five who are not stunted, reflecting overall health and nutrition, with a range of 0 to 50. The education pillar measures expected years of schooling, quality of learning through harmonized assessment outcomes, and tertiary education completion rates, with a range of 0 to 188. The on-the-job learning pillar examines labor force participation, unemployment rates, and the share of workers in wage employment among youth and adults, with scores ranging from -30 to 87. A negative value indicates that prolonged unemployment can decrease an individual's human capital. Collectively, these three pillars provide a comprehensive view of a country's human capital and its implications for future economic growth.
References: Decerf, Benoît; D’Souza, Ritika; Schady, Norbert; Silva, Joana. 2026. The Human Capital Index Plus 2026: Methodology Note. © World Bank. http://hdl.handle.net/10986/44306 License: CC BY-NC 3.0 IGO.
World Bank. 2026. The Human Capital Index Plus 2026. Findings Brief. © World Bank. http://hdl.handle.net/10986/44305 License: CC BY-NC 3.0 IGO.";Human capital consists of the knowledge, skills, and health that people invest in and accumulate throughout their lives, enabling them to realize their potential as productive members of society. Investing in people through nutrition, health care, quality education, jobs, and skills development helps build human capital, which is key to ending extreme poverty and creating more inclusive societies. There is mounting evidence that unless they strengthen their human capital, countries cannot achieve sustained, inclusive economic growth, will not have a workforce prepared for the more highly skilled jobs of the future, and will not compete effectively in the global economy. The cost of inaction on human capital development is going up. Finance Ministers who have been meeting to discuss human capital at recent Spring and Annual Meetings of the World Bank Group have emphasized the importance of human capital to the jobs and economic transformation agenda in countries at all stages of development.;;https://datacatalog.worldbank.org/public-licenses#cc-by
RL.EST;Rule of Law: Estimate;Explanatory;Governance;Units of a standard normal distribution (between -2.5 and 2.5, approximately);"The Worldwide Governance Indicators (WGI) are a research dataset summarizing the views on the quality of governance provided by a large number of enterprise, citizen and expert survey respondents in industrial and developing countries. Governance consists of the traditions and institutions by which authority in a country is exercised. This includes the process by which governments are selected, monitored and replaced; the capacity of the government to effectively formulate and implement sound policies; and the respect of citizens and the state for the institutions that govern economic and social interactions among them. The WGI measures six dimensions of governance: Voice and Accountability, Political Stability and Absence of Violence/Terrorism, Government Effectiveness, Regulatory Quality, Rule of Law, and Control of Corruption. 

Rule of Law captures perceptions of the extent to which agents have confidence in and abide by the rules of society, and in particular the quality of contract enforcement, property rights, the police, and the courts, as well as the likelihood of crime and violence. 

Estimate gives the country's score on the aggregate indicator, in units of a standard normal distribution, i.e. ranging from approximately -2.5 to 2.5.

For each dimension of governance the following information is available in the database: estimate, percentile rank, lower bound of 90% confidence interval, upper bound of 90% confidence interval, standard error, number of sources.";Worldwide Governance Indicators, World Bank (WB), uri: www.govindicators.org;Public Sector: Policy & institutions;WB_WDI;Annual;1996-2023;"Methodology: The WGI are composite governance indicators based on over 30 underlying data sources. These data sources are rescaled and combined to create the six aggregate indicators using a statistical methodology known as an Unobserved Components Model (UCM). A key feature of the methodology is that it generates margins of error for each governance estimate. These margins of error need to be taken into account when making comparisons across countries and over time. 

Each of the six aggregate WGI measures are constructed by averaging together data from the underlying sources that correspond to the concept of governance being measured.  This is done in the three steps:

STEP 1:  Assigning data from individual sources to the six aggregate indicators.  Individual questions from the underlying data sources are assigned to each of the six aggregate indicators.  For example, a firm survey question on the regulatory environment would be assigned to Regulatory Quality, or a measure of press freedom would be assigned to Voice and Accountability. The individual variables used in the WGI and how they are assigned to the six aggregate indicators, can be found on the WGI website [https://www.worldbank.org/en/publication/worldwide-governance-indicators].  Note that not all of the data sources cover all countries, and so the aggregate governance scores are based on different sets of underlying data for different countries.

STEP 2:  Rescaling of the individual source data to run from 0 to 1.  The questions from the individual data sources are first rescaled to range from 0 to 1, with higher values corresponding to better outcomes.  If, for example, a survey question asks for responses on a scale from a minimum of 1 to a maximum of 4, we rescale a score of 2 as (2-min)/(max-min)=(2-1)/3=0.33.  When an individual data source provides more than one question relating to a particular dimension of governance, the rescaled scores are averaged together.
The 0-1 rescaled data from the individual sources are available interactively through the WGI website [https://www.worldbank.org/en/publication/worldwide-governance-indicators/interactive-data-access] and in the data files for each individual source [https://www.worldbank.org/en/publication/worldwide-governance-indicators/documentation#2].  Although nominally in the same 0-1 units, this rescaled data is not necessarily comparable across sources.  For example, one data source might use a 0-10 scale but in practice most scores are clustered between 6 and 10, while another data source might also use a 0-10 scale but have responses spread out over the entire range.  While the max-min rescaling above does not correct for this source of non-comparability, the procedure used to construct the aggregate indicators does (see below).

STEP 3:  Using an Unobserved Components Model (UCM) to construct a weighted average of the individual indicators for each source.   A statistical tool known as an Unobserved Components Model (UCM) is used to make the 0-1 rescaled data comparable across sources, and then to construct a weighted average of the data from each source for each country.  The UCM assumes that the observed data from each source are a linear function of the unobserved level of governance, plus an error term.  This linear function is different for different data sources, and so corrects for the remaining non-comparability of units of the rescaled data noted above.  The resulting estimates of governance are a weighted average of the data from each source, with weights reflecting the pattern of correlation among data sources.  The weights applied to the component indicators.";Good governance is essential for development. It helps countries improve economic growth, build human capital, and strengthen social cohesion. Empirical evidence shows a strong causal relationship between better governance and better development outcomes. The Worldwide Governance Indicators (WGI) are designed to help researchers and analysts assess broad patterns in perceptions of governance across countries and over time. The WGI cover over 200 countries and territories, measuring six dimensions of governance starting in 1996: Voice and Accountability, Political Stability and Absence of Violence/Terrorism, Government Effectiveness, Regulatory Quality, Rule of Law, and Control of Corruption. The aggregate indicators are based on several hundred individual underlying variables, taken from a wide variety of existing data sources. The data reflect the views on governance of survey respondents and public, private, and NGO sector experts worldwide.;"The six composite WGI measures are useful as a tool for broad cross-country comparisons and for evaluating broad trends over time. However, they are often too blunt a tool to be useful in formulating specific governance reforms in particular country contexts. Such reforms, and evaluation of their progress, need to be informed by much more detailed and country-specific diagnostic data that can identify the relevant constraints on governance in particular country circumstances.

The WGI are complementary to a large number of other efforts to construct more detailed measures of governance, often just for a single country. Users are also encouraged to consult the disaggregated individual indicators underlying the composite WGI scores to gain more insights into the particular areas of strengths and weaknesses identified by the data.

The WGI do not reflect the official views of the Natural Resource Governance Institute, the Brookings Institution, the World Bank, its Executive Directors, or the countries they represent. The WGI are not used by the World Bank Group to allocate resources.";https://datacatalog.worldbank.org/public-licenses#cc-by
CC.EST;Control of Corruption: Estimate;Explanatory;Governance;Units of a standard normal distribution (between -2.5 and 2.5, approximately);"The Worldwide Governance Indicators (WGI) are a research dataset summarizing the views on the quality of governance provided by a large number of enterprise, citizen and expert survey respondents in industrial and developing countries. Governance consists of the traditions and institutions by which authority in a country is exercised. This includes the process by which governments are selected, monitored and replaced; the capacity of the government to effectively formulate and implement sound policies; and the respect of citizens and the state for the institutions that govern economic and social interactions among them. The WGI measures six dimensions of governance: Voice and Accountability, Political Stability and Absence of Violence/Terrorism, Government Effectiveness, Regulatory Quality, Rule of Law, and Control of Corruption. 

Control of Corruption captures perceptions of the extent to which public power is exercised for private gain, including both petty and grand forms of corruption, as well as ""capture"" of the state by elites and private interests.

Estimate gives the country's score on the aggregate indicator, in units of a standard normal distribution, i.e. ranging from approximately -2.5 to 2.5.";Worldwide Governance Indicators, World Bank (WB), uri: www.govindicators.org, note: The Worldwide Governance Indicators (WGI) are a product of the staff of the World Bank with external contributions.;Public Sector: Policy & institutions;WB_WDI;Annual;1996-2023;"Methodology: The WGI are composite governance indicators based on over 30 underlying data sources. These data sources are rescaled and combined to create the six aggregate indicators using a statistical methodology known as an Unobserved Components Model (UCM). A key feature of the methodology is that it generates margins of error for each governance estimate. These margins of error need to be taken into account when making comparisons across countries and over time. 

Each of the six aggregate WGI measures are constructed by averaging together data from the underlying sources that correspond to the concept of governance being measured.  This is done in the three steps:

STEP 1:  Assigning data from individual sources to the six aggregate indicators.  Individual questions from the underlying data sources are assigned to each of the six aggregate indicators.  For example, a firm survey question on the regulatory environment would be assigned to Regulatory Quality, or a measure of press freedom would be assigned to Voice and Accountability. The individual variables used in the WGI and how they are assigned to the six aggregate indicators, can be found on the WGI website [https://www.worldbank.org/en/publication/worldwide-governance-indicators].  Note that not all of the data sources cover all countries, and so the aggregate governance scores are based on different sets of underlying data for different countries.

STEP 2:  Rescaling of the individual source data to run from 0 to 1.  The questions from the individual data sources are first rescaled to range from 0 to 1, with higher values corresponding to better outcomes.  If, for example, a survey question asks for responses on a scale from a minimum of 1 to a maximum of 4, we rescale a score of 2 as (2-min)/(max-min)=(2-1)/3=0.33.  When an individual data source provides more than one question relating to a particular dimension of governance, the rescaled scores are averaged together.
The 0-1 rescaled data from the individual sources are available interactively through the WGI website [https://www.worldbank.org/en/publication/worldwide-governance-indicators/interactive-data-access] and in the data files for each individual source [https://www.worldbank.org/en/publication/worldwide-governance-indicators/documentation#2].  Although nominally in the same 0-1 units, this rescaled data is not necessarily comparable across sources.  For example, one data source might use a 0-10 scale but in practice most scores are clustered between 6 and 10, while another data source might also use a 0-10 scale but have responses spread out over the entire range.  While the max-min rescaling above does not correct for this source of non-comparability, the procedure used to construct the aggregate indicators does (see below).

STEP 3:  Using an Unobserved Components Model (UCM) to construct a weighted average of the individual indicators for each source.   A statistical tool known as an Unobserved Components Model (UCM) is used to make the 0-1 rescaled data comparable across sources, and then to construct a weighted average of the data from each source for each country.  The UCM assumes that the observed data from each source are a linear function of the unobserved level of governance, plus an error term.  This linear function is different for different data sources, and so corrects for the remaining non-comparability of units of the rescaled data noted above.  The resulting estimates of governance are a weighted average of the data from each source, with weights reflecting the pattern of correlation among data sources.  The weights applied to the component indicators.";Good governance is essential for development. It helps countries improve economic growth, build human capital, and strengthen social cohesion. Empirical evidence shows a strong causal relationship between better governance and better development outcomes. The Worldwide Governance Indicators (WGI) are designed to help researchers and analysts assess broad patterns in perceptions of governance across countries and over time. The WGI cover over 200 countries and territories, measuring six dimensions of governance starting in 1996: Voice and Accountability, Political Stability and Absence of Violence/Terrorism, Government Effectiveness, Regulatory Quality, Rule of Law, and Control of Corruption. The aggregate indicators are based on several hundred individual underlying variables, taken from a wide variety of existing data sources. The data reflect the views on governance of survey respondents and public, private, and NGO sector experts worldwide.;"The six composite WGI measures are useful as a tool for broad cross-country comparisons and for evaluating broad trends over time. However, they are often too blunt a tool to be useful in formulating specific governance reforms in particular country contexts. Such reforms, and evaluation of their progress, need to be informed by much more detailed and country-specific diagnostic data that can identify the relevant constraints on governance in particular country circumstances.

The WGI are complementary to a large number of other efforts to construct more detailed measures of governance, often just for a single country. Users are also encouraged to consult the disaggregated individual indicators underlying the composite WGI scores to gain more insights into the particular areas of strengths and weaknesses identified by the data.

The WGI do not reflect the official views of the Natural Resource Governance Institute, the Brookings Institution, the World Bank, its Executive Directors, or the countries they represent. The WGI are not used by the World Bank Group to allocate resources.";https://datacatalog.worldbank.org/public-licenses#cc-by
GE.EST;Government Effectiveness: Estimate;Explanatory;Governance;Units of a standard normal distribution (between -2.5 and 2.5, approximately);"The Worldwide Governance Indicators (WGI) are a research dataset summarizing the views on the quality of governance provided by a large number of enterprise, citizen and expert survey respondents in industrial and developing countries. Governance consists of the traditions and institutions by which authority in a country is exercised. This includes the process by which governments are selected, monitored and replaced; the capacity of the government to effectively formulate and implement sound policies; and the respect of citizens and the state for the institutions that govern economic and social interactions among them. The WGI measures six dimensions of governance: Voice and Accountability, Political Stability and Absence of Violence/Terrorism, Government Effectiveness, Regulatory Quality, Rule of Law, and Control of Corruption. 

Government Effectiveness captures perceptions and views of the quality of public services, the quality of the civil service and the degree of its independence from political pressures, the quality of policy formulation and implementation, and the credibility of the government's commitment to such policies.

Estimate gives the country's score on the aggregate indicator, in units of a standard normal distribution, i.e. ranging from approximately -2.5 to 2.5.";Worldwide Governance Indicators, World Bank (WB), uri: www.govindicators.org;Public Sector: Policy & institutions;WB_WDI;Annual;1996-2023;"Methodology: The WGI are composite governance indicators based on over 30 underlying data sources. These data sources are rescaled and combined to create the six aggregate indicators using a statistical methodology known as an Unobserved Components Model (UCM). A key feature of the methodology is that it generates margins of error for each governance estimate. These margins of error need to be taken into account when making comparisons across countries and over time. 

Each of the six aggregate WGI measures are constructed by averaging together data from the underlying sources that correspond to the concept of governance being measured.  This is done in the three steps:

STEP 1:  Assigning data from individual sources to the six aggregate indicators.  Individual questions from the underlying data sources are assigned to each of the six aggregate indicators.  For example, a firm survey question on the regulatory environment would be assigned to Regulatory Quality, or a measure of press freedom would be assigned to Voice and Accountability. The individual variables used in the WGI and how they are assigned to the six aggregate indicators, can be found on the WGI website [https://www.worldbank.org/en/publication/worldwide-governance-indicators].  Note that not all of the data sources cover all countries, and so the aggregate governance scores are based on different sets of underlying data for different countries.

STEP 2:  Rescaling of the individual source data to run from 0 to 1.  The questions from the individual data sources are first rescaled to range from 0 to 1, with higher values corresponding to better outcomes.  If, for example, a survey question asks for responses on a scale from a minimum of 1 to a maximum of 4, we rescale a score of 2 as (2-min)/(max-min)=(2-1)/3=0.33.  When an individual data source provides more than one question relating to a particular dimension of governance, the rescaled scores are averaged together.
The 0-1 rescaled data from the individual sources are available interactively through the WGI website [https://www.worldbank.org/en/publication/worldwide-governance-indicators/interactive-data-access] and in the data files for each individual source [https://www.worldbank.org/en/publication/worldwide-governance-indicators/documentation#2].  Although nominally in the same 0-1 units, this rescaled data is not necessarily comparable across sources.  For example, one data source might use a 0-10 scale but in practice most scores are clustered between 6 and 10, while another data source might also use a 0-10 scale but have responses spread out over the entire range.  While the max-min rescaling above does not correct for this source of non-comparability, the procedure used to construct the aggregate indicators does (see below).

STEP 3:  Using an Unobserved Components Model (UCM) to construct a weighted average of the individual indicators for each source.   A statistical tool known as an Unobserved Components Model (UCM) is used to make the 0-1 rescaled data comparable across sources, and then to construct a weighted average of the data from each source for each country.  The UCM assumes that the observed data from each source are a linear function of the unobserved level of governance, plus an error term.  This linear function is different for different data sources, and so corrects for the remaining non-comparability of units of the rescaled data noted above.  The resulting estimates of governance are a weighted average of the data from each source, with weights reflecting the pattern of correlation among data sources.  The weights applied to the component indicators.";Good governance is essential for development. It helps countries improve economic growth, build human capital, and strengthen social cohesion. Empirical evidence shows a strong causal relationship between better governance and better development outcomes. The Worldwide Governance Indicators (WGI) are designed to help researchers and analysts assess broad patterns in perceptions of governance across countries and over time. The WGI cover over 200 countries and territories, measuring six dimensions of governance starting in 1996: Voice and Accountability, Political Stability and Absence of Violence/Terrorism, Government Effectiveness, Regulatory Quality, Rule of Law, and Control of Corruption. The aggregate indicators are based on several hundred individual underlying variables, taken from a wide variety of existing data sources. The data reflect the views on governance of survey respondents and public, private, and NGO sector experts worldwide.;"The six composite WGI measures are useful as a tool for broad cross-country comparisons and for evaluating broad trends over time. However, they are often too blunt a tool to be useful in formulating specific governance reforms in particular country contexts. Such reforms, and evaluation of their progress, need to be informed by much more detailed and country-specific diagnostic data that can identify the relevant constraints on governance in particular country circumstances.

The WGI are complementary to a large number of other efforts to construct more detailed measures of governance, often just for a single country. Users are also encouraged to consult the disaggregated individual indicators underlying the composite WGI scores to gain more insights into the particular areas of strengths and weaknesses identified by the data.

The WGI do not reflect the official views of the Natural Resource Governance Institute, the Brookings Institution, the World Bank, its Executive Directors, or the countries they represent. The WGI are not used by the World Bank Group to allocate resources.";https://datacatalog.worldbank.org/public-licenses#cc-by
PV.EST;Political Stability and Absence of Violence/Terrorism: Estimate;Explanatory;Governance;Units of a standard normal distribution (between -2.5 and 2.5, approximately);"The Worldwide Governance Indicators (WGI) are a research dataset summarizing the views on the quality of governance provided by a large number of enterprise, citizen and expert survey respondents in industrial and developing countries. Governance consists of the traditions and institutions by which authority in a country is exercised. This includes the process by which governments are selected, monitored and replaced; the capacity of the government to effectively formulate and implement sound policies; and the respect of citizens and the state for the institutions that govern economic and social interactions among them. The WGI measures six dimensions of governance: Voice and Accountability, Political Stability and Absence of Violence/Terrorism, Government Effectiveness, Regulatory Quality, Rule of Law, and Control of Corruption. 

Political Stability and Absence of Violence/Terrorism measures perceptions of the likelihood of political instability and/or politically-motivated violence, including terrorism. 

Estimate gives the country's score on the aggregate indicator, in units of a standard normal distribution, i.e. ranging from approximately -2.5 to 2.5.";Worldwide Governance Indicators, World Bank (WB), uri: www.govindicators.org;Public Sector: Policy & institutions;WB_WDI;Annual;1996-2023;"Methodology: The WGI are composite governance indicators based on over 30 underlying data sources. These data sources are rescaled and combined to create the six aggregate indicators using a statistical methodology known as an Unobserved Components Model (UCM). A key feature of the methodology is that it generates margins of error for each governance estimate. These margins of error need to be taken into account when making comparisons across countries and over time. 

Each of the six aggregate WGI measures are constructed by averaging together data from the underlying sources that correspond to the concept of governance being measured.  This is done in the three steps:

STEP 1:  Assigning data from individual sources to the six aggregate indicators.  Individual questions from the underlying data sources are assigned to each of the six aggregate indicators.  For example, a firm survey question on the regulatory environment would be assigned to Regulatory Quality, or a measure of press freedom would be assigned to Voice and Accountability. The individual variables used in the WGI and how they are assigned to the six aggregate indicators, can be found on the WGI website [https://www.worldbank.org/en/publication/worldwide-governance-indicators].  Note that not all of the data sources cover all countries, and so the aggregate governance scores are based on different sets of underlying data for different countries.

STEP 2:  Rescaling of the individual source data to run from 0 to 1.  The questions from the individual data sources are first rescaled to range from 0 to 1, with higher values corresponding to better outcomes.  If, for example, a survey question asks for responses on a scale from a minimum of 1 to a maximum of 4, we rescale a score of 2 as (2-min)/(max-min)=(2-1)/3=0.33.  When an individual data source provides more than one question relating to a particular dimension of governance, the rescaled scores are averaged together.
The 0-1 rescaled data from the individual sources are available interactively through the WGI website [https://www.worldbank.org/en/publication/worldwide-governance-indicators/interactive-data-access] and in the data files for each individual source [https://www.worldbank.org/en/publication/worldwide-governance-indicators/documentation#2].  Although nominally in the same 0-1 units, this rescaled data is not necessarily comparable across sources.  For example, one data source might use a 0-10 scale but in practice most scores are clustered between 6 and 10, while another data source might also use a 0-10 scale but have responses spread out over the entire range.  While the max-min rescaling above does not correct for this source of non-comparability, the procedure used to construct the aggregate indicators does (see below).

STEP 3:  Using an Unobserved Components Model (UCM) to construct a weighted average of the individual indicators for each source.   A statistical tool known as an Unobserved Components Model (UCM) is used to make the 0-1 rescaled data comparable across sources, and then to construct a weighted average of the data from each source for each country.  The UCM assumes that the observed data from each source are a linear function of the unobserved level of governance, plus an error term.  This linear function is different for different data sources, and so corrects for the remaining non-comparability of units of the rescaled data noted above.  The resulting estimates of governance are a weighted average of the data from each source, with weights reflecting the pattern of correlation among data sources.  The weights applied to the component indicators.";Good governance is essential for development. It helps countries improve economic growth, build human capital, and strengthen social cohesion. Empirical evidence shows a strong causal relationship between better governance and better development outcomes. The Worldwide Governance Indicators (WGI) are designed to help researchers and analysts assess broad patterns in perceptions of governance across countries and over time. The WGI cover over 200 countries and territories, measuring six dimensions of governance starting in 1996: Voice and Accountability, Political Stability and Absence of Violence/Terrorism, Government Effectiveness, Regulatory Quality, Rule of Law, and Control of Corruption. The aggregate indicators are based on several hundred individual underlying variables, taken from a wide variety of existing data sources. The data reflect the views on governance of survey respondents and public, private, and NGO sector experts worldwide.;"The six composite WGI measures are useful as a tool for broad cross-country comparisons and for evaluating broad trends over time. However, they are often too blunt a tool to be useful in formulating specific governance reforms in particular country contexts. Such reforms, and evaluation of their progress, need to be informed by much more detailed and country-specific diagnostic data that can identify the relevant constraints on governance in particular country circumstances.

The WGI are complementary to a large number of other efforts to construct more detailed measures of governance, often just for a single country. Users are also encouraged to consult the disaggregated individual indicators underlying the composite WGI scores to gain more insights into the particular areas of strengths and weaknesses identified by the data.

The WGI do not reflect the official views of the Natural Resource Governance Institute, the Brookings Institution, the World Bank, its Executive Directors, or the countries they represent. The WGI are not used by the World Bank Group to allocate resources.";https://datacatalog.worldbank.org/public-licenses#cc-by
VA.EST;Voice and Accountability: Estimate;Explanatory;Governance;Units of a standard normal distribution (between -2.5 and 2.5, approximately);"The Worldwide Governance Indicators (WGI) are a research dataset summarizing the views on the quality of governance provided by a large number of enterprise, citizen and expert survey respondents in industrial and developing countries. Governance consists of the traditions and institutions by which authority in a country is exercised. This includes the process by which governments are selected, monitored and replaced; the capacity of the government to effectively formulate and implement sound policies; and the respect of citizens and the state for the institutions that govern economic and social interactions among them. The WGI measures six dimensions of governance: Voice and Accountability, Political Stability and Absence of Violence/Terrorism, Government Effectiveness, Regulatory Quality, Rule of Law, and Control of Corruption. 

Voice and Accountability captures perceptions of the extent to which a country's citizens are able to participate in selecting their government, as well as freedom of expression, freedom of association, and a free media. 

Estimate gives the country's score on the aggregate indicator, in units of a standard normal distribution, i.e. ranging from approximately -2.5 to 2.5. 

For each dimension of governance the following information is available in the database: estimate, percentile rank, lower bound of 90% confidence interval, upper bound of 90% confidence interval, standard error, number of sources.";Worldwide Governance Indicators, World Bank (WB), uri: www.govindicators.org, note: The Worldwide Governance Indicators (WGI) are a product of the staff of the World Bank with external contributions.;Public Sector: Policy & institutions;WB_WDI;Annual;1996-2023;"Methodology: The WGI are composite governance indicators based on over 30 underlying data sources. These data sources are rescaled and combined to create the six aggregate indicators using a statistical methodology known as an Unobserved Components Model (UCM). A key feature of the methodology is that it generates margins of error for each governance estimate. These margins of error need to be taken into account when making comparisons across countries and over time. 

Each of the six aggregate WGI measures are constructed by averaging together data from the underlying sources that correspond to the concept of governance being measured.  This is done in the three steps:

STEP 1:  Assigning data from individual sources to the six aggregate indicators.  Individual questions from the underlying data sources are assigned to each of the six aggregate indicators.  For example, a firm survey question on the regulatory environment would be assigned to Regulatory Quality, or a measure of press freedom would be assigned to Voice and Accountability. The individual variables used in the WGI and how they are assigned to the six aggregate indicators, can be found on the WGI website [https://www.worldbank.org/en/publication/worldwide-governance-indicators].  Note that not all of the data sources cover all countries, and so the aggregate governance scores are based on different sets of underlying data for different countries.

STEP 2:  Rescaling of the individual source data to run from 0 to 1.  The questions from the individual data sources are first rescaled to range from 0 to 1, with higher values corresponding to better outcomes.  If, for example, a survey question asks for responses on a scale from a minimum of 1 to a maximum of 4, we rescale a score of 2 as (2-min)/(max-min)=(2-1)/3=0.33.  When an individual data source provides more than one question relating to a particular dimension of governance, the rescaled scores are averaged together.
The 0-1 rescaled data from the individual sources are available interactively through the WGI website [https://www.worldbank.org/en/publication/worldwide-governance-indicators/interactive-data-access] and in the data files for each individual source [https://www.worldbank.org/en/publication/worldwide-governance-indicators/documentation#2].  Although nominally in the same 0-1 units, this rescaled data is not necessarily comparable across sources.  For example, one data source might use a 0-10 scale but in practice most scores are clustered between 6 and 10, while another data source might also use a 0-10 scale but have responses spread out over the entire range.  While the max-min rescaling above does not correct for this source of non-comparability, the procedure used to construct the aggregate indicators does (see below).

STEP 3:  Using an Unobserved Components Model (UCM) to construct a weighted average of the individual indicators for each source.   A statistical tool known as an Unobserved Components Model (UCM) is used to make the 0-1 rescaled data comparable across sources, and then to construct a weighted average of the data from each source for each country.  The UCM assumes that the observed data from each source are a linear function of the unobserved level of governance, plus an error term.  This linear function is different for different data sources, and so corrects for the remaining non-comparability of units of the rescaled data noted above.  The resulting estimates of governance are a weighted average of the data from each source, with weights reflecting the pattern of correlation among data sources.  The weights applied to the component indicators.";Good governance is essential for development. It helps countries improve economic growth, build human capital, and strengthen social cohesion. Empirical evidence shows a strong causal relationship between better governance and better development outcomes. The Worldwide Governance Indicators (WGI) are designed to help researchers and analysts assess broad patterns in perceptions of governance across countries and over time. The WGI cover over 200 countries and territories, measuring six dimensions of governance starting in 1996: Voice and Accountability, Political Stability and Absence of Violence/Terrorism, Government Effectiveness, Regulatory Quality, Rule of Law, and Control of Corruption. The aggregate indicators are based on several hundred individual underlying variables, taken from a wide variety of existing data sources. The data reflect the views on governance of survey respondents and public, private, and NGO sector experts worldwide.;"The six composite WGI measures are useful as a tool for broad cross-country comparisons and for evaluating broad trends over time. However, they are often too blunt a tool to be useful in formulating specific governance reforms in particular country contexts. Such reforms, and evaluation of their progress, need to be informed by much more detailed and country-specific diagnostic data that can identify the relevant constraints on governance in particular country circumstances.

The WGI are complementary to a large number of other efforts to construct more detailed measures of governance, often just for a single country. Users are also encouraged to consult the disaggregated individual indicators underlying the composite WGI scores to gain more insights into the particular areas of strengths and weaknesses identified by the data.

The WGI do not reflect the official views of the Natural Resource Governance Institute, the Brookings Institution, the World Bank, its Executive Directors, or the countries they represent. The WGI are not used by the World Bank Group to allocate resources.";https://datacatalog.worldbank.org/public-licenses#cc-by
RQ.EST;Regulatory Quality: Estimate;Explanatory;Governance;Units of a standard normal distribution (between -2.5 and 2.5, approximately);"The Worldwide Governance Indicators (WGI) are a research dataset summarizing the views on the quality of governance provided by a large number of enterprise, citizen and expert survey respondents in industrial and developing countries. Governance consists of the traditions and institutions by which authority in a country is exercised. This includes the process by which governments are selected, monitored and replaced; the capacity of the government to effectively formulate and implement sound policies; and the respect of citizens and the state for the institutions that govern economic and social interactions among them. The WGI measures six dimensions of governance: Voice and Accountability, Political Stability and Absence of Violence/Terrorism, Government Effectiveness, Regulatory Quality, Rule of Law, and Control of Corruption. 

Regulatory Quality captures perceptions of the ability of the government to formulate and implement sound policies and regulations that permit and promote private sector development. 

Estimate gives the country's score on the aggregate indicator, in units of a standard normal distribution, i.e. ranging from approximately -2.5 to 2.5.

For each dimension of governance the following information is available in the database: estimate, percentile rank, lower bound of 90% confidence interval, upper bound of 90% confidence interval, standard error, number of sources.";Worldwide Governance Indicators, World Bank (WB), uri: www.govindicators.org;Public Sector: Policy & institutions;WB_WDI;Annual;1996-2023;"Methodology: The WGI are composite governance indicators based on over 30 underlying data sources. These data sources are rescaled and combined to create the six aggregate indicators using a statistical methodology known as an Unobserved Components Model (UCM). A key feature of the methodology is that it generates margins of error for each governance estimate. These margins of error need to be taken into account when making comparisons across countries and over time. 

Each of the six aggregate WGI measures are constructed by averaging together data from the underlying sources that correspond to the concept of governance being measured.  This is done in the three steps:

STEP 1:  Assigning data from individual sources to the six aggregate indicators.  Individual questions from the underlying data sources are assigned to each of the six aggregate indicators.  For example, a firm survey question on the regulatory environment would be assigned to Regulatory Quality, or a measure of press freedom would be assigned to Voice and Accountability. The individual variables used in the WGI and how they are assigned to the six aggregate indicators, can be found on the WGI website [https://www.worldbank.org/en/publication/worldwide-governance-indicators].  Note that not all of the data sources cover all countries, and so the aggregate governance scores are based on different sets of underlying data for different countries.

STEP 2:  Rescaling of the individual source data to run from 0 to 1.  The questions from the individual data sources are first rescaled to range from 0 to 1, with higher values corresponding to better outcomes.  If, for example, a survey question asks for responses on a scale from a minimum of 1 to a maximum of 4, we rescale a score of 2 as (2-min)/(max-min)=(2-1)/3=0.33.  When an individual data source provides more than one question relating to a particular dimension of governance, the rescaled scores are averaged together.
The 0-1 rescaled data from the individual sources are available interactively through the WGI website [https://www.worldbank.org/en/publication/worldwide-governance-indicators/interactive-data-access] and in the data files for each individual source [https://www.worldbank.org/en/publication/worldwide-governance-indicators/documentation#2].  Although nominally in the same 0-1 units, this rescaled data is not necessarily comparable across sources.  For example, one data source might use a 0-10 scale but in practice most scores are clustered between 6 and 10, while another data source might also use a 0-10 scale but have responses spread out over the entire range.  While the max-min rescaling above does not correct for this source of non-comparability, the procedure used to construct the aggregate indicators does (see below).

STEP 3:  Using an Unobserved Components Model (UCM) to construct a weighted average of the individual indicators for each source.   A statistical tool known as an Unobserved Components Model (UCM) is used to make the 0-1 rescaled data comparable across sources, and then to construct a weighted average of the data from each source for each country.  The UCM assumes that the observed data from each source are a linear function of the unobserved level of governance, plus an error term.  This linear function is different for different data sources, and so corrects for the remaining non-comparability of units of the rescaled data noted above.  The resulting estimates of governance are a weighted average of the data from each source, with weights reflecting the pattern of correlation among data sources.  The weights applied to the component indicators.";Good governance is essential for development. It helps countries improve economic growth, build human capital, and strengthen social cohesion. Empirical evidence shows a strong causal relationship between better governance and better development outcomes. The Worldwide Governance Indicators (WGI) are designed to help researchers and analysts assess broad patterns in perceptions of governance across countries and over time. The WGI cover over 200 countries and territories, measuring six dimensions of governance starting in 1996: Voice and Accountability, Political Stability and Absence of Violence/Terrorism, Government Effectiveness, Regulatory Quality, Rule of Law, and Control of Corruption. The aggregate indicators are based on several hundred individual underlying variables, taken from a wide variety of existing data sources. The data reflect the views on governance of survey respondents and public, private, and NGO sector experts worldwide.;"The six composite WGI measures are useful as a tool for broad cross-country comparisons and for evaluating broad trends over time. However, they are often too blunt a tool to be useful in formulating specific governance reforms in particular country contexts. Such reforms, and evaluation of their progress, need to be informed by much more detailed and country-specific diagnostic data that can identify the relevant constraints on governance in particular country circumstances.

The WGI are complementary to a large number of other efforts to construct more detailed measures of governance, often just for a single country. Users are also encouraged to consult the disaggregated individual indicators underlying the composite WGI scores to gain more insights into the particular areas of strengths and weaknesses identified by the data.

The WGI do not reflect the official views of the Natural Resource Governance Institute, the Brookings Institution, the World Bank, its Executive Directors, or the countries they represent. The WGI are not used by the World Bank Group to allocate resources.";https://datacatalog.worldbank.org/public-licenses#cc-by
NV.IND.MANF.ZS;Manufacturing, value added ;Explanatory;Economic structure;% of GDP;Manufacturing includes industries classified in ISIC (Rev. 3) major division C and is defined as the physical or chemical tranformation of materials or components into new products. Value added is the contribution to the economy by a producer or an industry or an institutional sector, which is estimated by the total value of output produced and deducting the total value of intermediate consumption of goods and services used to produce that output. This indicator is expressed as a percentage of Gross Domestic Product (GDP) which is the total income earned through the production of goods and services in an economic territory during an accounting period.;"Country official statistics, National Statistical Organizations and/or Central Banks;
National Accounts data files, Organisation for Economic Co-operation and Development (OECD);
Staff estimates, World Bank (WB)";Economic Policy & Debt: National accounts: Shares of GDP & other;WB_WDI;Annual;1960-2024;"Methodology: National accounts are compiled in accordance with international standards: System of National Accounts, 2008 or 1993 versions. Specific information on how countries compile their national accounts can be found on the IMF website: https://dsbb.imf.org/
Statistical concept(s): The conceptual elements of the SNA (System of National Accounts) measure what takes place in the economy, between which agents, and for what purpose. At the heart of the SNA is the production of goods and services. These may be used for consumption in the period to which the accounts relate or may be accumulated for use in a later period. In simple terms, the amount of value added generated by production represents GDP. The income corresponding to GDP is distributed to the various agents or groups of agents as income and it is the process of distributing and redistributing income that allows one agent to consume the goods and services produced by another agent or to acquire goods and services for later consumption. The way in which the SNA captures this pattern of economic flows is to identify the activities concerned by recognizing the institutional units in the economy and by specifying the structure of accounts capturing the transactions relevant to one stage or another of the process by which goods and services are produced and ultimately consumed.";"This indicator is related to the national accounts, which are critical for understanding and managing a country's economy. They provide a framework for the analysis of economic performance. National accounts are the basis for estimating the Gross Domestic Product (GDP) and Gross National Income (GNI), which are the most widely used indicator of economic performance. They are essential for government policymakers, providing the data needed to design and assess fiscal and monetary policies; and are also used by businesses and investors to assess the economic climate and make investment decisions. NAS enable comparison between economies, which is crucial for international trade, investment decisions, and economic competitiveness. More specifically, this indicator is related to the production approach (or output approach) used to calculate GDP, which gives detailed breakdown of the economy by sectors, providing valuable insights into the structure of an economy and its key drivers of growth. It helps in identifying which sectors are expanding or contracting, information that is crucial for policymakers when designing economic strategies and interventions. Additionally, by focusing on the production side, it reflects the supply conditions of an economy, which can be particularly important when analyzing issues like productivity and competitiveness.";Ideally, industrial output should be measured through regular censuses and surveys of firms. But in most developing countries such surveys are infrequent, so earlier survey results must be extrapolated using an appropriate indicator. The choice of sampling unit, which may be the enterprise (where responses may be based on financial records) or the establishment (where production units may be recorded separately), also affects the quality of the data. Moreover, much industrial production is organized in unincorporated or owner-operated ventures that are not captured by surveys aimed at the formal sector. Even in large industries, where regular surveys are more likely, evasion of excise and other taxes and nondisclosure of income lower the estimates of value added. Such problems become more acute as countries move from state control of industry to private enterprise, because new firms and growing numbers of established firms fail to report. In accordance with the System of National Accounts, output should include all such unreported activity as well as the value of illegal activities and other unrecorded, informal, or small-scale operations. Data on these activities need to be collected using techniques other than conventional surveys of firms.;https://datacatalog.worldbank.org/public-licenses#cc-by
NV.SRV.TOTL.ZS;Services, value added ;Explanatory;Economic structure;% of GDP;Services industries correspond to ISIC (Rev. 4) divisions 45-99 and includes wholesale and retail trade, repair of motor vehicles, hotels and retaurants, transport, storage and communication, financial intermediation, real estate, renting and business activities, public administration and defence, compulsory social security, education, health and social work, other community, social and personal service activities, private households with employed persons, and extra-territorial organizations and bodies. Value added is the contribution to the economy by a producer or an industry or an institutional sector, which is estimated by the total value of output produced and deducting the total value of intermediate consumption of goods and services used to produce that output. This indicator is expressed as a percentage of Gross Domestic Product (GDP) which is the total income earned through the production of goods and services in an economic territory during an accounting period.;"Country official statistics, National Statistical Organizations and/or Central Banks;
National Accounts data files, Organisation for Economic Co-operation and Development (OECD);
Staff estimates, World Bank (WB)";Economic Policy & Debt: National accounts: Shares of GDP & other;WB_WDI;Annual;1960-2024;"Methodology: National accounts are compiled in accordance with international standards: System of National Accounts, 2008 or 1993 versions. Specific information on how countries compile their national accounts can be found on the IMF website: https://dsbb.imf.org/
Statistical concept(s): The conceptual elements of the SNA (System of National Accounts) measure what takes place in the economy, between which agents, and for what purpose. At the heart of the SNA is the production of goods and services. These may be used for consumption in the period to which the accounts relate or may be accumulated for use in a later period. In simple terms, the amount of value added generated by production represents GDP. The income corresponding to GDP is distributed to the various agents or groups of agents as income and it is the process of distributing and redistributing income that allows one agent to consume the goods and services produced by another agent or to acquire goods and services for later consumption. The way in which the SNA captures this pattern of economic flows is to identify the activities concerned by recognizing the institutional units in the economy and by specifying the structure of accounts capturing the transactions relevant to one stage or another of the process by which goods and services are produced and ultimately consumed.";"This indicator is related to the national accounts, which are critical for understanding and managing a country's economy. They provide a framework for the analysis of economic performance. National accounts are the basis for estimating the Gross Domestic Product (GDP) and Gross National Income (GNI), which are the most widely used indicator of economic performance. They are essential for government policymakers, providing the data needed to design and assess fiscal and monetary policies; and are also used by businesses and investors to assess the economic climate and make investment decisions. NAS enable comparison between economies, which is crucial for international trade, investment decisions, and economic competitiveness. More specifically, this indicator is related to the production approach (or output approach) used to calculate GDP, which gives detailed breakdown of the economy by sectors, providing valuable insights into the structure of an economy and its key drivers of growth. It helps in identifying which sectors are expanding or contracting, information that is crucial for policymakers when designing economic strategies and interventions. Additionally, by focusing on the production side, it reflects the supply conditions of an economy, which can be particularly important when analyzing issues like productivity and competitiveness.";In the services industry the many self-employed workers and one-person businesses are sometimes difficult to locate, and they have little incentive to respond to surveys, let alone to report their full earnings. Compounding these problems are the many forms of economic activity that go unrecorded, including the work that women and children do for little or no pay.;https://datacatalog.worldbank.org/public-licenses#cc-by